{
    "$schema": "https://schema.management.azure.com/schemas/2019-04-01/deploymentTemplate.json#",
    "contentVersion": "1.0.0.0",
    "parameters": {
        "appName": {
            "type": "string",
            "defaultValue": "AvidFlowLogsApp"
        },
        "appServicePlan": {
            "type": "string",
            "defaultValue": "Consumption"
        },
        "flowDepSource": {
            "type" : "string",
            "defaultValue" : "https://s3-us-west-2.amazonaws.com/avidcore/azure/azureFlowDeploy.json"
        },
        "avidFlowAddress":{
            "type":"string",
            "defaultValue": ""
        },
        "avidActivityAddress" : {
            "type": "string",
            "defaultValue": ""
        },
        "customerId" : {
            "type" : "string"
        },
        "subscriptionIds" : {
            "type" : "string"
        },
        "storageAccountConnecion":{
            "type": "string"
        },
        "avidResourceGroup":{
            "type": "string",
            "defaultValue": "avidflowlogsgroup"
        },
        "local" :{
            "type": "string",
            "defaultValue" : ""
        },
        "branch" :{
            "type": "string",
            "defaultValue" : "master"
        },
        "identityName" :{
            "type": "string"
        },
        "PRINCIPAL_ID" :{
            "type": "string"
        },
        "storageSku" :{
            "type": "string",
            "defaultValue" : "Standard_GRS"
        },
        "hostId" :{
            "type": "string"
        }
    },
    "variables": {
        "functionAppName": "[parameters('appName')]",
        "hostingPlanName": "[concat('consumption', parameters('appName'))]",
        "branchName": "[parameters('branch')]",
        "storageSku": "[parameters('storageSku')]",
        "identityName": "[parameters('identityName')]"
    },
    "resources": [
        {
            "type": "Microsoft.Web/serverfarms",
            "apiVersion": "2021-02-01",
            "name": "[variables('hostingPlanName')]",
            "location": "[resourceGroup().location]",
            "kind": "functionapp",
            "properties": {
                "name": "[variables('hostingPlanName')]",
                "computeMode": "Dynamic"
            },
            "sku": {
                "name": "Y1",
                "tier": "Dynamic",
                "size": "Y1",
                "family": "Y",
                "capacity": 0
            }
        },
        {
            "apiVersion": "2021-02-01",
            "type": "Microsoft.Web/sites",
            "name": "[variables('functionAppName')]",
            "location": "[resourceGroup().location]",
            "kind": "functionapp",
            "dependsOn": [
                "[resourceId('Microsoft.Web/serverfarms', variables('hostingPlanName'))]"
            ],
            "identity":{
                "type": "UserAssigned",
                "userAssignedIdentities": {
                    "[resourceId('Microsoft.ManagedIdentity/userAssignedIdentities', variables('identityName'))]": {}
                }
            },
            "properties": {
                "serverFarmId": "[resourceId('Microsoft.Web/serverfarms', variables('hostingPlanName'))]",
                "httpsOnly" : "true",
                "clientCertEnabled" : "true",
                "siteConfig": {
                    "ftpsState": "Disabled",
                    "http20Enabled" : "true",
                    "netFrameworkVersion": "v6.0",
                    "appSettings": [
                        {
                            "name": "AzureWebJobsDashboard",
                            "value": "[parameters('storageAccountConnecion')]"
                        },
                        {
                            "name": "AzureWebJobsStorage",
                            "value": "[parameters('storageAccountConnecion')]"
                        },
                        {
                            "name": "WEBSITE_CONTENTAZUREFILECONNECTIONSTRING",
                            "value": "[parameters('storageAccountConnecion')]"
                        },
                        {
                            "name": "WEBSITE_CONTENTSHARE",
                            "value": "[toLower(variables('functionAppName'))]"
                        },
                        {
                            "name": "FUNCTIONS_WORKER_RUNTIME",
                            "value": "dotnet"
                        },
                        {
                            "name": "FUNCTIONS_EXTENSION_VERSION",
                            "value": "~4"
                        },
                        {
                            "name": "WEBSITE_NODE_DEFAULT_VERSION",
                            "value": "~14"
                        },
                        {
                            "name": "SCM_DO_BUILD_DURING_DEPLOYMENT",
                            "value": true
                        },
                        {
                            "name" : "AzureFunctionsWebHost:hostId",
                            "value" : "[parameters('hostId')]"
                        },
                        {
                            "name": "blobContainerName",
                            "value": "insights-logs-networksecuritygroupflowevent"
                        },
                        {
                            "name": "blobContainerNameActivity",
                            "value": "insights-activity-logs"
                        },
                        {
                            "name": "avidActivityAddress",
                            "value": "[parameters('avidActivityAddress')]"
                        },
                        {
                            "name": "nsgSourceDataAccount",
                            "value": "nsgSourceDataConnection"
                        },
                        {
                            "name": "nsgSourceDataConnection",
                            "value": "[parameters('storageAccountConnecion')]"
                        },
                        {
                            "name" : "customerId",
                            "value" : "[parameters('customerId')]"
                        },
                        {
                            "name" : "subscriptionIds",
                            "value" : "[parameters('subscriptionIds')]"
                        },
                        {
                            "name" : "avidResourceGroup",
                            "value" : "[parameters('avidResourceGroup')]"
                        },
                        {
                            "name" : "PRINCIPAL_ID",
                            "value" : "[parameters('PRINCIPAL_ID')]"
                        },
                        {
                            "name": "cefLogAccount",
                            "value": ""
                        },
                        {
                            "name": "logIncomingJSON",
                            "value": "false"
                        },
                        {
                            "name": "logOutgoingCEF",
                            "value": "false"
                        },
                        {
                            "name": "local",
                            "value": "[parameters('local')]"
                        },
                        {
                            "name" : "flowDepSource",
                            "value" : "[parameters('flowDepSource')]"
                        },
                        {
                            "name" : "avidFlowAddress",
                            "value" : "[parameters('avidFlowAddress')]"
                        },
                        {
                            "name" : "storageAccountConnecion",
                            "value" : "[parameters('storageAccountConnecion')]"
                        },
                        {
                            "name" : "branch",
                            "value" : "[parameters('branch')]"
                        },
                        {
                            "name" : "storageSku",
                            "value" : "[parameters('storageSku')]"
                        }
                    ]
                }
            },
            "resources": [
                {
                    "apiVersion": "2021-02-01",
                    "name": "web",
                    "type": "sourcecontrols",
                    "dependsOn": [
                        "[resourceId('Microsoft.Web/Sites', variables('functionAppName'))]"
                    ],
                    "properties": {
                        "RepoUrl": "https://github.com/avidsecureinc/AzureActivityLogsFnPublic.git",
                        "branch": "[variables('branchName')]",
                        "IsManualIntegration": true
                    }
                }
            ]
        }
    ]
}