{
    "$schema": "https://schema.management.azure.com/schemas/2019-04-01/deploymentTemplate.json#",
    "contentVersion": "1.0.0.0",
    "parameters": {
        "appName": {
            "type": "string",
            "defaultValue": "AvidFlowLogsApp"
        },
        "appServicePlan": {
            "type": "string",
            "defaultValue": "Consumption"
        },
        "avidAddress":{
            "type":"string",
            "defaultValue": "https://collector-staging.avidsecure.io/httpcollector/flowlogs"
        },
        "customerId" : {
            "type" : "string"
        },
        "storageAccountName":{
            "type": "string"
        },
        "storageAccountConnecion":{
            "type": "string"
        },
        "nsgSourceDataConnection":{
            "type": "string"
        },
        "branch" :{
            "type": "string",
            "defaultValue" : "master"
        },
        "storageSku" :{
            "type": "string",
            "defaultValue" : "Standard_GRS"
        },
        "hostId" :{
            "type": "string"
        } 
    },
    "variables": {
        "functionAppName": "[parameters('appName')]",
        "hostingPlanName": "[concat('consumption', parameters('appName'))]",
        "branchName": "[parameters('branch')]",
        "storageSku": "[parameters('storageSku')]"
    },
    "resources": [
        {
            "type": "Microsoft.Web/serverfarms",
            "apiVersion": "2021-02-01",
            "name": "[variables('hostingPlanName')]",
            "location": "[resourceGroup().location]",
            "kind": "functionapp",
            "properties": {
                "name": "[variables('hostingPlanName')]",
                "computeMode": "Dynamic"
            },
            "sku": {
                "name": "Y1",
                "tier": "Dynamic",
                "size": "Y1",
                "family": "Y",
                "capacity": 0
            }
        },
        {
            "apiVersion": "2021-02-01",
            "type": "Microsoft.Web/sites",
            "name": "[variables('functionAppName')]",
            "location": "[resourceGroup().location]",
            "kind": "functionapp",
            "identity": {
                "type": "SystemAssigned"
            },
            "dependsOn": [
                "[resourceId('Microsoft.Web/serverfarms', variables('hostingPlanName'))]"
            ],
            "properties": {
                "serverFarmId": "[resourceId('Microsoft.Web/serverfarms', variables('hostingPlanName'))]",
                "httpsOnly" : "true",
                "clientCertEnabled" : "true",
                "siteConfig": {
                    "ftpsState": "Disabled",
                    "http20Enabled" : "true",
                    "netFrameworkVersion": "v6.0",
                    "appSettings": [
                        {
                            "name": "AzureWebJobsDashboard",
                            "value": "[parameters('storageAccountConnecion')]"
                        },
                        {
                            "name": "AzureWebJobsStorage",
                            "value": "[parameters('storageAccountConnecion')]"
                        },
                        {
                            "name": "WEBSITE_CONTENTAZUREFILECONNECTIONSTRING",
                            "value": "[parameters('storageAccountConnecion')]"
                        },
                        {
                            "name": "WEBSITE_CONTENTSHARE",
                            "value": "[toLower(variables('functionAppName'))]"
                        },
                        {
                            "name": "FUNCTIONS_WORKER_RUNTIME",
                            "value": "dotnet"
                        },
                        {
                            "name": "FUNCTIONS_EXTENSION_VERSION",
                            "value": "~4"
                        },
                        {
                            "name": "WEBSITE_NODE_DEFAULT_VERSION",
                            "value": "~14"
                        },
                        {
                            "name": "SCM_DO_BUILD_DURING_DEPLOYMENT",
                            "value": true
                        },
                        {
                            "name" : "AzureFunctionsWebHost:hostId",
                            "value" : "[parameters('hostId')]"
                        },
                        {
                            "name": "blobContainerName",
                            "value": "insights-logs-networksecuritygroupflowevent"
                        },
                        {
                            "name": "blobContainerNameActivity",
                            "value": "insights-operational-logs"
                        },
                        {
                            "name": "nsgSourceDataAccount",
                            "value": "nsgSourceDataConnection"
                        },
                        {
                            "name": "nsgSourceDataConnection",
                            "value": "[parameters('nsgSourceDataConnection')]"
                        },
                        {
                            "name" : "customerId",
                            "value" : "[parameters('customerId')]"
                        },
                        {
                            "name": "cefLogAccount",
                            "value": ""
                        },
                        {
                            "name": "logIncomingJSON",
                            "value": "false"
                        },
                        {
                            "name": "logOutgoingCEF",
                            "value": "false"
                        },
                        {
                            "name" : "avidAddress",
                            "value" : "[parameters('avidAddress')]"
                        }               
                    ]
                }
            },
            "resources": [
                {
                    "apiVersion": "2021-02-01",
                    "name": "web",
                    "type": "sourcecontrols",
                    "dependsOn": [
                        "[resourceId('Microsoft.Web/Sites', variables('functionAppName'))]"
                    ],
                    "properties": {
                        "RepoUrl": "https://github.com/avidsecureinc/AzureFlowLogsFnPublic.git",
                        "branch": "[variables('branchName')]",
                        "IsManualIntegration": true
                    }
                }
            ]
        }
    ]
}